timestamp,host_cpu_mhz,OpenWRT,Win11,Palworld,DSM7.2
2026-09-15 14:13:44,283,26,,,208
2026-09-15 14:14:44,250,22,,,184
2026-09-15 14:15:44,235,21,,,172
2026-09-15 14:16:44,252,23,,,184
2026-09-15 14:17:44,257,22,,,188
2026-09-15 14:20:15,465,24,,,394
2026-09-15 14:21:15,472,28,,,401
2026-09-15 14:22:15,472,23,,,383
2026-09-15 14:23:16,507,23,,,431
2026-09-15 14:24:16,381,56,,,268
2026-09-15 14:25:16,1628,190,,,1378
2026-09-15 14:26:16,226,19,,,160
2026-09-15 14:27:16,252,24,,,163
2026-09-15 14:28:16,233,22,,,162
2026-09-15 14:29:16,232,21,,,167
2026-09-15 14:30:16,226,23,,,159
2026-09-15 14:31:16,230,24,,,161
2026-09-15 14:32:16,260,30,,,165
2026-09-15 14:33:16,244,24,,,168
2026-09-15 14:34:16,228,21,,,160
2026-09-15 14:35:16,390,180,,,162
2026-09-15 14:36:17,235,36,,,156
2026-09-15 14:37:17,266,35,,,167
2026-09-15 14:38:17,246,35,,,161
2026-09-15 14:39:17,224,23,,,157
2026-09-15 14:40:17,220,23,,,153
2026-09-15 14:41:17,221,20,,,157
2026-09-15 14:42:17,240,22,,,156
2026-09-15 14:43:17,228,23,,,155
2026-09-15 14:44:17,218,22,,,151
2026-09-15 14:45:17,368,166,,,155
2026-09-15 14:46:17,222,22,,,156
2026-09-15 14:47:17,245,22,,,158
2026-09-15 14:48:17,230,20,,,157
2026-09-15 14:49:18,221,23,,,155
2026-09-15 14:50:18,212,20,,,148
2026-09-15 14:51:18,216,19,,,154
2026-09-15 14:52:18,233,22,,,146
2026-09-15 14:53:18,220,20,,,152
2026-09-15 14:54:18,210,20,,,147
2026-09-15 14:55:18,363,169,,,152
2026-09-15 14:56:18,215,24,,,148
2026-09-15 14:57:18,229,20,,,147
2026-09-15 14:58:18,214,20,,,145
2026-09-15 14:59:18,210,20,,,148
2026-09-15 15:00:18,214,22,,,147
2026-09-15 15:01:18,209,21,,,147
2026-09-15 15:02:19,241,21,,,150
2026-09-15 15:03:19,220,20,,,149
2026-09-15 15:04:19,215,20,,,149
2026-09-15 15:05:19,220,23,,,153
2026-09-15 15:06:19,208,19,,,146
2026-09-15 15:07:19,236,20,,,149
2026-09-15 15:08:19,220,20,,,151
2026-09-15 15:09:19,216,26,,,146
2026-09-15 15:10:19,213,25,,,144
2026-09-15 15:11:19,216,22,,,149
2026-09-15 15:12:19,245,22,,,158
2026-09-15 15:13:19,216,19,,,146
2026-09-15 15:14:20,400,21,,,333
2026-09-15 15:15:20,605,173,,,357
2026-09-15 15:16:20,402,19,,,338
2026-09-15 15:17:20,404,19,,,338
2026-09-15 15:18:20,398,23,,,332
2026-09-15 15:19:20,404,21,,,339
2026-09-15 15:20:20,448,26,,,345
2026-09-15 15:21:20,1191,24,,,1112
2026-09-15 15:22:20,789,21,,,719
2026-09-15 15:23:20,407,23,,,340
2026-09-15 15:24:20,403,19,,,338
2026-09-15 15:25:20,591,170,,,345
2026-09-15 15:26:21,406,21,,,340
2026-09-15 15:27:21,409,20,,,342
2026-09-15 15:28:21,419,20,,,354
2026-09-15 15:29:21,452,44,,,361
2026-09-15 15:30:21,467,28,,,363
2026-09-15 15:31:21,420,23,,,350
2026-09-15 15:32:21,415,22,,,345
2026-09-15 15:33:21,413,22,,,344
2026-09-15 15:34:21,1009,49,,,910
2026-09-15 15:35:21,787,147,,,569
2026-09-15 15:36:21,482,22,,,414
2026-09-15 15:37:21,471,23,,,402
2026-09-15 15:38:21,863,23,,,789
2026-09-15 15:39:21,467,21,,,400
2026-09-15 15:40:22,504,22,,,406
2026-09-15 15:41:22,447,20,,,380
2026-09-15 15:42:22,475,22,,,407
2026-09-15 15:43:22,468,21,,,400
2026-09-15 15:44:22,479,23,,,413
2026-09-15 15:45:22,533,30,,,428
2026-09-15 15:46:22,456,23,,,388
2026-09-15 15:47:22,474,22,,,406
2026-09-15 15:48:22,474,24,,,405
2026-09-15 15:49:22,469,22,,,403
2026-09-15 15:50:22,523,30,,,419
2026-09-15 15:51:22,3182,40,,,3091
2026-09-15 15:52:22,478,22,,,408
2026-09-15 15:53:23,974,43,,,879
2026-09-15 15:54:23,485,24,,,415
2026-09-15 15:55:23,524,29,,,418
2026-09-15 15:56:23,476,23,,,407
2026-09-15 15:57:23,476,26,,,403
2026-09-15 15:58:23,477,22,,,409
2026-09-15 15:59:23,472,23,,,408
2026-09-15 16:00:23,896,32,,,758
2026-09-15 16:01:23,629,23,,,435
2026-09-15 16:02:23,502,29,,,426
2026-09-15 16:03:23,919,26,,,841
2026-09-15 16:04:23,492,23,,,421
2026-09-15 16:05:23,537,31,,,434
2026-09-15 16:06:24,1287,28,,,1204
2026-09-15 16:07:24,510,24,,,442
2026-09-15 16:08:24,484,23,,,414
2026-09-15 16:09:24,469,22,,,401
2026-09-15 16:10:24,712,39,,,586
2026-09-15 16:11:24,470,22,,,400
2026-09-15 16:12:24,471,22,,,403
2026-09-15 16:13:24,473,24,,,404
2026-09-15 16:14:24,471,22,,,403
2026-09-15 16:15:24,945,33,,,832
2026-09-15 16:16:24,474,21,,,403
2026-09-15 16:17:24,483,23,,,413
2026-09-15 16:18:25,457,22,,,391
2026-09-15 16:19:25,633,23,,,558
2026-09-15 16:20:25,541,26,,,438
2026-09-15 16:21:25,701,23,,,631
2026-09-15 16:22:25,547,22,,,469
2026-09-15 16:23:25,2568,285,,,2151
2026-09-15 16:24:25,537,24,,,465
2026-09-15 16:25:25,624,40,,,504
2026-09-15 16:26:25,524,21,,,455
2026-09-15 16:27:25,557,23,,,476
2026-09-15 16:28:25,527,23,,,456
2026-09-15 16:29:25,499,23,,,430
2026-09-15 16:30:26,563,28,,,457
2026-09-15 16:31:26,514,23,,,445
2026-09-15 16:32:26,517,26,,,442
2026-09-15 16:33:26,559,22,,,491
2026-09-15 16:34:26,516,21,,,446
2026-09-15 16:35:26,572,30,,,471
2026-09-15 16:36:26,528,23,,,459
2026-09-15 16:37:26,458,24,,,387
2026-09-15 16:38:26,467,23,,,400
2026-09-15 16:39:26,451,22,,,383
2026-09-15 16:40:26,500,27,,,399
2026-09-15 16:41:26,460,23,,,392
2026-09-15 16:42:27,453,24,,,385
2026-09-15 16:43:27,451,21,,,385
2026-09-15 16:44:27,439,23,,,373
2026-09-15 16:45:27,512,31,,,407
2026-09-15 16:46:27,483,24,,,410
2026-09-15 16:47:27,458,21,,,389
2026-09-15 16:48:27,456,21,,,388
2026-09-15 16:49:27,457,21,,,392
2026-09-15 16:50:27,675,45,,,544
2026-09-15 16:51:27,479,24,,,408
2026-09-15 16:52:27,462,22,,,392
2026-09-15 16:53:27,459,23,,,389
2026-09-15 16:54:27,457,23,,,388
2026-09-15 16:55:28,508,29,,,404
2026-09-15 16:56:28,459,23,,,391
2026-09-15 16:57:28,472,36,,,391
2026-09-15 16:58:28,460,21,,,393
2026-09-15 16:59:28,439,22,,,372
2026-09-15 17:00:28,545,44,,,403
2026-09-15 17:01:28,609,23,,,414
2026-09-15 17:02:28,481,28,,,404
2026-09-15 17:03:28,464,24,,,393
2026-09-15 17:04:28,465,22,,,396
2026-09-15 17:05:28,508,30,,,404
2026-09-15 17:06:28,461,21,,,393
2026-09-15 17:07:29,453,24,,,384
2026-09-15 17:08:29,460,21,,,391
2026-09-15 17:09:29,462,24,,,393
2026-09-15 17:10:29,583,39,,,469
2026-09-15 17:11:29,494,28,,,419
2026-09-15 17:12:29,475,24,,,406
2026-09-15 17:13:29,477,30,,,401
2026-09-15 17:14:29,488,36,,,407
2026-09-15 17:15:29,556,59,,,424
2026-09-15 17:16:29,650,44,,,559
2026-09-15 17:17:29,485,22,,,415
2026-09-15 17:18:29,836,28,,,758
2026-09-15 17:19:29,609,27,,,526
2026-09-15 17:20:29,548,28,,,443
2026-09-15 17:21:30,790,23,,,716
2026-09-15 17:22:30,470,24,,,401
2026-09-15 17:23:30,577,23,,,506
2026-09-15 17:24:30,489,24,,,416
2026-09-15 17:25:30,525,31,,,420
2026-09-15 17:26:30,655,183,,,425
2026-09-15 17:27:30,594,26,,,521
2026-09-15 17:28:30,527,25,,,456
2026-09-15 17:29:30,471,23,,,402
2026-09-15 17:30:30,513,28,,,411
2026-09-15 17:31:30,3106,54,,,2911
2026-09-15 17:32:30,908,28,,,819
2026-09-15 17:33:31,805,25,,,727
2026-09-15 17:34:31,626,37,,,541
2026-09-15 17:35:31,522,29,,,417
2026-09-15 17:36:31,1089,193,,,845
2026-09-15 17:37:31,454,21,,,386
2026-09-15 17:38:31,487,23,,,419
2026-09-15 17:39:31,436,20,,,370
2026-09-15 17:40:31,815,32,,,703
2026-09-15 17:41:31,606,22,,,534
2026-09-15 17:42:31,479,21,,,412
2026-09-15 17:43:31,459,20,,,391
2026-09-15 17:44:31,474,21,,,406
2026-09-15 17:45:32,516,32,,,410
2026-09-15 17:46:32,613,170,,,394
2026-09-15 17:47:32,456,21,,,388
2026-09-15 17:48:32,455,20,,,387
2026-09-15 17:49:32,461,20,,,392
2026-09-15 17:50:32,503,28,,,402
2026-09-15 17:51:32,805,25,,,730
2026-09-15 17:52:32,2353,38,,,2255
2026-09-15 17:53:32,1559,40,,,1451
2026-09-15 17:54:32,473,22,,,405
2026-09-15 17:55:32,955,31,,,839
2026-09-15 17:56:32,622,172,,,402
2026-09-15 17:57:32,935,36,,,802
2026-09-15 17:58:32,466,22,,,397
2026-09-15 17:59:33,461,21,,,395
2026-09-15 18:00:33,541,26,,,414
2026-09-15 18:01:33,956,25,,,743
2026-09-15 18:02:33,473,27,,,398
2026-09-15 18:03:33,442,21,,,375
2026-09-15 18:04:33,470,23,,,404
2026-09-15 18:05:33,463,29,,,361
2026-09-15 18:06:33,499,111,,,342
2026-09-15 18:07:33,410,22,,,344
2026-09-15 18:08:33,406,20,,,342
2026-09-15 18:09:33,410,20,,,343
2026-09-15 18:10:33,448,23,,,349
2026-09-15 18:11:33,408,20,,,342
2026-09-15 18:12:34,411,21,,,344
2026-09-15 18:13:34,409,19,,,343
2026-09-15 18:14:34,404,20,,,339
2026-09-15 18:15:34,466,28,,,365
2026-09-15 18:16:34,406,19,,,339
2026-09-15 18:17:34,407,21,,,342
2026-09-15 18:18:34,407,23,,,335
2026-09-15 18:19:34,403,20,,,338
2026-09-15 18:20:34,444,23,,,347
2026-09-15 18:21:34,407,19,,,340
2026-09-15 18:22:34,410,20,,,344
2026-09-15 18:23:34,406,21,,,341
2026-09-15 18:24:35,412,22,,,345
2026-09-15 18:25:35,449,24,,,350
2026-09-15 18:26:35,409,19,,,342
2026-09-15 18:27:35,412,20,,,346
2026-09-15 18:28:35,427,23,,,358
2026-09-15 18:29:35,406,20,,,339
2026-09-15 18:30:35,473,30,,,366
2026-09-15 18:31:35,410,21,,,343
2026-09-15 18:32:35,414,21,,,346
2026-09-15 18:33:35,401,21,,,332
2026-09-15 18:34:35,416,20,,,346
2026-09-15 18:35:35,446,23,,,348
2026-09-15 18:36:35,409,21,,,344
2026-09-15 18:37:36,411,19,,,346
2026-09-15 18:38:36,412,22,,,343
2026-09-15 18:39:36,411,20,,,344
2026-09-15 18:40:36,449,28,,,345
2026-09-15 18:41:36,409,21,,,343
2026-09-15 18:42:36,408,22,,,339
2026-09-15 18:43:36,412,22,,,345
2026-09-15 18:44:36,405,20,,,339
2026-09-15 18:45:36,472,26,,,371
2026-09-15 18:46:36,407,21,,,340
2026-09-15 18:47:36,413,21,,,347
2026-09-15 18:48:36,413,23,,,344
2026-09-15 18:49:36,404,22,,,337
2026-09-15 18:50:37,451,25,,,347
2026-09-15 18:51:37,408,22,,,344
2026-09-15 18:52:37,400,21,,,334
2026-09-15 18:53:37,407,19,,,340
2026-09-15 18:54:37,407,21,,,340
2026-09-15 18:55:37,451,26,,,352
2026-09-15 18:56:37,407,22,,,340
2026-09-15 18:57:37,410,20,,,344
2026-09-15 18:58:37,413,23,,,345
2026-09-15 18:59:37,407,20,,,340
2026-09-15 19:00:37,504,30,,,376
2026-09-15 19:01:37,556,19,,,364
2026-09-15 19:02:38,438,26,,,367
2026-09-15 19:03:38,417,19,,,351
2026-09-15 19:04:38,414,21,,,347
2026-09-15 19:05:38,466,26,,,367
2026-09-15 19:06:38,411,20,,,344
2026-09-15 19:07:38,412,20,,,346
2026-09-15 19:08:38,416,19,,,348
2026-09-15 19:09:38,412,20,,,348
2026-09-15 19:10:38,451,25,,,352
2026-09-15 19:11:38,413,22,,,347
2026-09-15 19:12:38,411,21,,,343
2026-09-15 19:13:38,413,20,,,346
2026-09-15 19:14:39,407,20,,,341
2026-09-15 19:15:39,928,76,,,772
2026-09-15 19:16:39,414,21,,,346
2026-09-15 19:17:39,412,21,,,345
2026-09-15 19:18:39,413,21,,,347
2026-09-15 19:19:39,408,20,,,342
2026-09-15 19:20:39,457,26,,,359
2026-09-15 19:21:39,813,25,,,737
2026-09-15 19:22:39,419,22,,,352
2026-09-15 19:23:39,410,21,,,344
2026-09-15 19:24:39,409,20,,,345
2026-09-15 19:25:39,455,25,,,357
2026-09-15 19:26:40,221,22,,,157
2026-09-15 19:27:40,229,21,,,156
2026-09-15 19:28:40,237,21,,,165
2026-09-15 19:29:40,223,21,,,157
2026-09-15 19:30:40,222,20,,,157
2026-09-15 19:31:40,221,20,,,157
2026-09-15 19:32:40,228,21,,,156
2026-09-15 19:33:40,227,22,,,158
2026-09-15 19:34:40,219,20,,,157
2026-09-15 19:35:40,223,21,,,158
2026-09-15 19:36:40,223,19,,,159
2026-09-15 19:37:40,231,20,,,161
2026-09-15 19:38:41,231,20,,,160
2026-09-15 19:39:41,221,20,,,158
2026-09-15 19:40:41,218,19,,,155
2026-09-15 19:41:41,359,147,,,165
2026-09-15 19:42:41,261,48,,,162
2026-09-15 19:43:41,240,34,,,156
2026-09-15 19:44:41,307,102,,,161
2026-09-15 19:45:41,266,62,,,158
2026-09-15 19:46:41,224,25,,,154
2026-09-15 19:47:41,243,22,,,169
2026-09-15 19:48:41,229,22,,,158
2026-09-15 19:49:41,224,22,,,156
2026-09-15 19:50:41,224,21,,,155
2026-09-15 19:51:42,232,34,,,153
2026-09-15 19:52:42,231,26,,,155
2026-09-15 19:53:42,228,21,,,156
2026-09-15 19:54:42,222,22,,,154
2026-09-15 19:55:42,221,20,,,156
2026-09-15 19:56:42,228,29,,,154
2026-09-15 19:57:42,225,22,,,154
2026-09-15 19:58:42,228,22,,,155
2026-09-15 19:59:42,221,22,,,155
2026-09-15 20:00:42,230,25,,,157
2026-09-15 20:01:42,219,21,,,152
2026-09-15 20:02:42,223,21,,,152
2026-09-15 20:03:43,225,22,,,155
2026-09-15 20:04:43,220,23,,,153
2026-09-15 20:05:43,224,23,,,157
2026-09-15 20:06:43,220,23,,,153
2026-09-15 20:07:43,228,20,,,159
2026-09-15 20:08:43,225,21,,,156
2026-09-15 20:09:43,224,22,,,159
2026-09-15 20:10:43,225,23,,,157
2026-09-15 20:11:43,231,36,,,151
2026-09-15 20:12:43,224,20,,,152
2026-09-15 20:13:43,230,23,,,157
2026-09-15 20:14:43,219,21,,,152
2026-09-15 20:15:44,219,22,,,154
2026-09-15 20:16:44,213,22,,,147
2026-09-15 20:17:44,219,22,,,149
2026-09-15 20:18:44,219,21,,,152
2026-09-15 20:19:44,215,23,,,149
2026-09-15 20:20:44,217,22,,,151
2026-09-15 20:21:44,213,22,,,148
2026-09-15 20:22:44,217,21,,,148
2026-09-15 20:23:44,222,21,,,151
2026-09-15 20:24:44,213,22,,,147
2026-09-15 20:25:44,215,22,,,150
2026-09-15 20:26:44,210,21,,,144
2026-09-15 20:27:44,223,20,,,152
2026-09-15 20:28:45,226,23,,,155
2026-09-15 20:29:45,214,22,,,149
2026-09-15 20:30:45,213,21,,,147
2026-09-15 20:31:45,216,23,,,150
2026-09-15 20:32:45,218,22,,,149
2026-09-15 20:33:45,220,22,,,149
2026-09-15 20:34:45,219,21,,,155
2026-09-15 20:35:45,218,22,,,150
2026-09-15 20:36:45,218,21,,,151
2026-09-15 20:37:45,229,23,,,154
2026-09-15 20:38:45,283,75,,,155
2026-09-15 20:39:45,216,24,,,149
2026-09-15 20:40:45,222,24,,,154
2026-09-15 20:41:45,229,32,,,153
2026-09-15 20:42:46,223,22,,,152
2026-09-15 20:43:46,218,22,,,150
2026-09-15 20:44:46,218,23,,,152
2026-09-15 20:45:46,223,27,,,150
2026-09-15 20:46:46,217,24,,,150
2026-09-15 20:47:46,243,39,,,152
2026-09-15 20:48:46,224,22,,,151
2026-09-15 20:49:46,221,23,,,151
2026-09-15 20:50:46,220,23,,,152
2026-09-15 20:51:46,219,24,,,151
2026-09-15 20:52:46,221,22,,,149
2026-09-15 20:53:46,224,22,,,150
2026-09-15 20:54:46,218,23,,,151
2026-09-15 20:55:47,216,23,,,150
2026-09-15 20:56:47,216,22,,,151
2026-09-15 20:57:47,377,173,,,154
2026-09-15 20:58:47,226,23,,,153
2026-09-15 20:59:47,227,24,,,158
2026-09-15 21:00:47,220,24,,,152
2026-09-15 21:01:47,218,21,,,153
2026-09-15 21:02:47,226,22,,,154
2026-09-15 21:03:47,223,22,,,153
2026-09-15 21:04:47,216,22,,,151
2026-09-15 21:05:47,220,22,,,152
2026-09-15 21:06:47,212,22,,,148
2026-09-15 21:07:47,372,167,,,154
2026-09-15 21:08:48,224,23,,,152
2026-09-15 21:09:48,215,22,,,151
2026-09-15 21:10:48,216,24,,,149
2026-09-15 21:11:48,215,23,,,149
2026-09-15 21:12:48,224,23,,,151
2026-09-15 21:13:48,221,22,,,151
2026-09-15 21:14:48,217,21,,,151
2026-09-15 21:15:48,217,21,,,152
2026-09-15 21:16:48,221,22,,,156
2026-09-15 21:17:48,370,168,,,154
2026-09-15 21:18:48,219,21,,,148
2026-09-15 21:19:48,216,22,,,151
2026-09-15 21:20:48,220,22,,,152
2026-09-15 21:21:49,215,24,,,148
2026-09-15 21:22:49,220,22,,,152
2026-09-15 21:23:49,218,21,,,146
2026-09-15 21:24:49,218,21,,,152
2026-09-15 21:25:49,211,22,,,144
2026-09-15 21:26:49,215,22,,,150
2026-09-15 21:27:49,374,169,,,152
2026-09-15 21:28:49,228,22,,,158
2026-09-15 21:29:49,218,23,,,152
2026-09-15 21:30:49,219,22,,,153
2026-09-15 21:31:49,217,23,,,152
2026-09-15 21:32:49,217,20,,,146
2026-09-15 21:33:49,220,22,,,153
2026-09-15 21:34:50,213,21,,,148
2026-09-15 21:35:50,217,19,,,152
2026-09-15 21:36:50,215,20,,,150
2026-09-15 21:37:50,364,167,,,147
2026-09-15 21:38:50,219,21,,,150
2026-09-15 21:39:50,217,21,,,151
2026-09-15 21:40:50,205,20,,,140
2026-09-15 21:41:50,213,23,,,147
2026-09-15 21:42:50,214,19,,,147
2026-09-15 21:43:50,224,18,,,156
2026-09-15 21:44:50,216,20,,,153
2026-09-15 21:45:50,215,19,,,150
2026-09-15 21:46:50,220,20,,,157
2026-09-15 21:47:51,273,58,,,166
2026-09-15 21:48:51,216,19,,,149
2026-09-15 21:49:51,218,20,,,156
2026-09-15 21:50:51,228,21,,,162
2026-09-15 21:51:51,216,20,,,151
2026-09-15 21:52:51,230,20,,,158
2026-09-15 21:53:51,225,19,,,154
2026-09-15 21:54:51,225,20,,,160
2026-09-15 21:55:51,223,20,,,156
2026-09-15 21:56:51,212,20,,,148
2026-09-15 21:57:51,231,21,,,159
2026-09-15 21:58:51,223,20,,,153
2026-09-15 21:59:51,223,21,,,156
2026-09-15 22:00:52,216,21,,,152
2026-09-15 22:01:52,218,19,,,154
2026-09-15 22:02:52,226,22,,,155
2026-09-15 22:03:52,223,19,,,153
2026-09-15 22:04:52,220,20,,,157
2026-09-15 22:05:52,220,20,,,155
2026-09-15 22:06:52,221,20,,,158
2026-09-15 22:07:52,232,23,,,160
2026-09-15 22:08:52,229,21,,,158
2026-09-15 22:09:52,223,21,,,157
2026-09-15 22:10:52,219,19,,,155
2026-09-15 22:11:52,219,21,,,154
2026-09-15 22:12:52,223,18,,,156
2026-09-15 22:13:53,222,19,,,151
2026-09-15 22:14:53,218,20,,,155
2026-09-15 22:15:53,283,20,,,187
2026-09-15 22:16:53,218,20,,,155
2026-09-15 22:17:53,234,20,,,164
2026-09-15 22:18:53,223,20,,,154
2026-09-15 22:19:53,211,19,,,147
2026-09-15 22:20:53,219,19,,,155
2026-09-15 22:21:53,216,20,,,153
2026-09-15 22:22:53,223,20,,,154
2026-09-15 22:23:53,225,19,,,159
2026-09-15 22:24:53,213,19,,,151
2026-09-15 22:25:53,221,20,,,156
2026-09-15 22:26:54,220,19,,,155
2026-09-15 22:27:54,235,21,,,162
2026-09-15 22:28:54,244,18,,,174
2026-09-15 22:29:54,230,19,,,167
2026-09-15 22:30:54,231,21,,,167
2026-09-15 22:31:54,224,20,,,161
2026-09-15 22:32:54,232,19,,,164
2026-09-15 22:33:54,230,18,,,163
2026-09-15 22:34:54,226,19,,,163
2026-09-15 22:35:54,225,19,,,161
2026-09-15 22:36:54,231,19,,,167
2026-09-15 22:37:54,243,22,,,172
2026-09-15 22:38:54,236,19,,,167
2026-09-15 22:39:55,224,18,,,161
2026-09-15 22:40:55,230,19,,,166
2026-09-15 22:41:55,222,19,,,160
2026-09-15 22:42:55,233,19,,,164
2026-09-15 22:43:55,232,18,,,162
2026-09-15 22:44:55,227,18,,,164
2026-09-15 22:45:55,226,20,,,159
2026-09-15 22:46:55,225,19,,,163
2026-09-15 22:47:55,238,21,,,168
2026-09-15 22:48:55,227,19,,,158
2026-09-15 22:49:55,216,19,,,154
2026-09-15 22:50:55,225,19,,,159
2026-09-15 22:51:55,221,19,,,158
2026-09-15 22:52:56,230,19,,,161
2026-09-15 22:53:56,230,19,,,161
2026-09-15 22:54:56,226,19,,,163
2026-09-15 22:55:56,230,18,,,162
2026-09-15 22:56:56,217,22,,,153
2026-09-15 22:57:56,236,22,,,166
2026-09-15 22:58:56,229,18,,,162
2026-09-15 22:59:56,227,19,,,163
2026-09-15 23:00:56,221,19,,,157
2026-09-15 23:01:56,225,19,,,164
2026-09-15 23:02:56,229,19,,,162
2026-09-15 23:03:56,227,20,,,160
2026-09-15 23:04:56,225,20,,,161
2026-09-15 23:05:56,224,20,,,160
2026-09-15 23:06:57,226,21,,,160
2026-09-15 23:07:57,236,19,,,164
2026-09-15 23:08:57,224,19,,,156
2026-09-15 23:09:57,223,19,,,159
2026-09-15 23:10:57,223,20,,,159
2026-09-15 23:11:57,224,21,,,159
2026-09-15 23:12:57,231,18,,,162
2026-09-15 23:13:57,229,20,,,160
2026-09-15 23:14:57,228,20,,,164
2026-09-15 23:15:57,232,21,,,163
2026-09-15 23:16:57,225,20,,,161
2026-09-15 23:17:57,259,26,,,181
2026-09-15 23:18:58,232,20,,,161
2026-09-15 23:19:58,227,20,,,162
2026-09-15 23:20:58,231,21,,,163
2026-09-15 23:21:58,225,19,,,163
2026-09-15 23:22:58,228,19,,,158
2026-09-15 23:23:58,235,21,,,165
2026-09-15 23:24:58,229,23,,,164
2026-09-15 23:25:58,229,21,,,163
2026-09-15 23:26:58,238,19,,,170
2026-09-15 23:27:58,239,21,,,168
2026-09-15 23:28:58,260,37,,,172
2026-09-15 23:29:58,227,20,,,164
2026-09-15 23:30:59,237,22,,,168
2026-09-15 23:31:59,226,19,,,165
2026-09-15 23:32:59,229,19,,,160
2026-09-15 23:33:59,232,21,,,163
2026-09-15 23:34:59,225,18,,,163
2026-09-15 23:35:59,228,19,,,163
2026-09-15 23:36:59,230,20,,,165
2026-09-15 23:37:59,239,22,,,166
2026-09-15 23:38:59,379,165,,,163
2026-09-15 23:39:59,225,20,,,162
2026-09-15 23:40:59,237,22,,,168
2026-09-15 23:41:59,223,19,,,161
2026-09-15 23:42:59,245,19,,,175
2026-09-15 23:44:00,208,21,,,144
2026-09-15 23:45:00,206,21,,,142
2026-09-15 23:46:00,203,21,,,139
2026-09-15 23:47:00,233,22,,,148
2026-09-15 23:48:00,211,21,,,141
2026-09-15 23:49:00,202,21,,,136
2026-09-15 23:50:00,205,21,,,142
2026-09-15 23:51:00,209,22,,,143
2026-09-15 23:52:00,223,22,,,139
2026-09-15 23:53:00,211,21,,,141
2026-09-15 23:54:00,200,20,,,136
2026-09-15 23:55:00,205,19,,,142
2026-09-15 23:56:01,201,20,,,137
2026-09-15 23:57:01,223,21,,,139
2026-09-15 23:58:01,208,18,,,138
2026-09-15 23:59:01,206,22,,,143
2026-09-16 00:00:01,545,22,,,477
2026-09-16 00:01:01,238,21,,,167
2026-09-16 00:02:01,228,20,,,142
2026-09-16 00:03:01,214,21,,,145
2026-09-16 00:04:01,204,19,,,142
2026-09-16 00:05:01,210,21,,,145
2026-09-16 00:06:01,207,22,,,143
2026-09-16 00:07:01,232,22,,,145
2026-09-16 00:08:01,210,20,,,143
2026-09-16 00:09:02,204,20,,,141
2026-09-16 00:10:02,205,20,,,142
2026-09-16 00:11:02,208,21,,,143
2026-09-16 00:12:02,225,19,,,142
2026-09-16 00:13:02,211,22,,,139
2026-09-16 00:14:02,206,21,,,140
2026-09-16 00:15:02,203,21,,,139
2026-09-16 00:16:02,207,20,,,146
2026-09-16 00:17:02,228,19,,,144
2026-09-16 00:18:02,209,21,,,141
2026-09-16 00:19:02,218,39,,,134
2026-09-16 00:20:02,208,19,,,143
2026-09-16 00:21:02,205,20,,,140
2026-09-16 00:22:03,224,19,,,140
2026-09-16 00:23:03,219,19,,,148
2026-09-16 00:24:03,220,21,,,152
2026-09-16 00:25:03,216,19,,,152
2026-09-16 00:26:03,218,20,,,153
2026-09-16 00:27:03,238,23,,,149
2026-09-16 00:28:03,224,22,,,154
2026-09-16 00:29:03,378,170,,,164
2026-09-16 00:30:03,216,19,,,152
2026-09-16 00:31:03,218,22,,,151
2026-09-16 00:32:03,237,22,,,153
2026-09-16 00:33:03,220,21,,,149
2026-09-16 00:34:03,207,20,,,142
2026-09-16 00:35:04,213,21,,,148
2026-09-16 00:36:04,214,20,,,150
2026-09-16 00:37:04,234,22,,,151
2026-09-16 00:38:04,231,21,,,161
2026-09-16 00:39:04,363,167,,,151
2026-09-16 00:40:04,213,20,,,149
2026-09-16 00:41:04,220,21,,,155
2026-09-16 00:42:04,234,20,,,152
2026-09-16 00:43:04,221,21,,,152
2026-09-16 00:44:04,218,21,,,153
2026-09-16 00:45:04,212,19,,,148
2026-09-16 00:46:04,216,21,,,151
2026-09-16 00:47:05,233,19,,,147
2026-09-16 00:48:05,238,24,,,167
2026-09-16 00:49:05,360,166,,,151
2026-09-16 00:50:05,213,20,,,149
2026-09-16 00:51:05,215,21,,,149
2026-09-16 00:52:05,234,21,,,152
2026-09-16 00:53:05,214,20,,,141
2026-09-16 00:54:05,210,21,,,147
2026-09-16 00:55:05,213,23,,,148
2026-09-16 00:56:05,214,23,,,148
2026-09-16 00:57:05,233,20,,,148
2026-09-16 00:58:05,228,23,,,157
2026-09-16 00:59:05,361,169,,,148
2026-09-16 01:00:05,218,21,,,153
2026-09-16 01:01:06,216,22,,,149
2026-09-16 01:02:06,239,21,,,151
2026-09-16 01:03:06,227,20,,,152
2026-09-16 01:04:06,215,22,,,150
2026-09-16 01:05:06,214,20,,,149
2026-09-16 01:06:06,220,22,,,150
2026-09-16 01:07:06,235,21,,,153
2026-09-16 01:08:06,226,23,,,155
2026-09-16 01:09:06,349,150,,,155
2026-09-16 01:10:06,213,21,,,150
2026-09-16 01:11:06,222,24,,,155
2026-09-16 01:12:06,238,23,,,152
2026-09-16 01:13:07,225,21,,,152
2026-09-16 01:14:07,216,22,,,150
2026-09-16 01:15:07,213,21,,,149
2026-09-16 01:16:07,230,22,,,163
2026-09-16 01:17:07,241,21,,,155
2026-09-16 01:18:07,226,21,,,154
2026-09-16 01:19:07,212,22,,,143
2026-09-16 01:20:07,214,22,,,150
2026-09-16 01:21:07,224,21,,,157
2026-09-16 01:22:07,238,22,,,152
2026-09-16 01:23:07,226,21,,,151
2026-09-16 01:24:07,222,20,,,152
2026-09-16 01:25:07,211,21,,,149
2026-09-16 01:26:07,216,21,,,153
2026-09-16 01:27:08,249,27,,,154
2026-09-16 01:28:08,235,24,,,159
2026-09-16 01:29:08,214,21,,,147
2026-09-16 01:30:08,207,20,,,143
2026-09-16 01:31:08,215,23,,,150
2026-09-16 01:32:08,241,21,,,154
2026-09-16 01:33:08,219,22,,,146
2026-09-16 01:34:08,208,20,,,143
2026-09-16 01:35:08,214,21,,,149
2026-09-16 01:36:08,208,20,,,146
2026-09-16 01:37:08,239,21,,,154
2026-09-16 01:38:08,230,21,,,158
2026-09-16 01:39:08,216,21,,,152
2026-09-16 01:40:09,215,21,,,150
2026-09-16 01:41:09,212,21,,,149
2026-09-16 01:42:09,228,22,,,144
2026-09-16 01:43:09,216,20,,,148
2026-09-16 01:44:09,213,21,,,150
2026-09-16 01:45:09,220,20,,,155
2026-09-16 01:46:09,212,22,,,146
2026-09-16 01:47:09,236,21,,,152
2026-09-16 01:48:09,221,22,,,152
2026-09-16 01:49:09,210,23,,,144
2026-09-16 01:50:09,212,20,,,148
2026-09-16 01:51:09,209,20,,,145
2026-09-16 01:52:10,233,20,,,150
2026-09-16 01:53:10,219,21,,,150
2026-09-16 01:54:10,210,19,,,147
2026-09-16 01:55:10,210,19,,,148
2026-09-16 01:56:10,213,20,,,148
2026-09-16 01:57:10,229,23,,,142
2026-09-16 01:58:10,225,20,,,154
2026-09-16 01:59:10,212,19,,,148
2026-09-16 02:00:10,210,20,,,145
2026-09-16 02:01:10,217,19,,,154
2026-09-16 02:02:10,236,20,,,153
2026-09-16 02:03:10,218,20,,,147
2026-09-16 02:04:11,210,19,,,148
2026-09-16 02:05:11,207,20,,,145
2026-09-16 02:06:11,213,20,,,147
2026-09-16 02:07:11,238,23,,,150
2026-09-16 02:08:11,238,24,,,164
2026-09-16 02:09:11,213,20,,,150
2026-09-16 02:10:11,225,22,,,150
2026-09-16 02:11:11,212,21,,,149
2026-09-16 02:12:11,236,21,,,153
2026-09-16 02:13:11,219,22,,,150
2026-09-16 02:14:11,219,23,,,152
2026-09-16 02:15:11,217,22,,,151
2026-09-16 02:16:11,211,21,,,148
2026-09-16 02:17:11,241,24,,,151
2026-09-16 02:18:11,227,22,,,156
2026-09-16 02:19:12,216,22,,,151
2026-09-16 02:20:12,211,20,,,146
2026-09-16 02:21:12,216,21,,,150
2026-09-16 02:22:12,240,21,,,152
2026-09-16 02:23:12,222,19,,,152
2026-09-16 02:24:12,221,22,,,150
2026-09-16 02:25:12,213,21,,,146
2026-09-16 02:26:12,220,22,,,153
2026-09-16 02:27:12,239,21,,,153
2026-09-16 02:28:12,226,21,,,157
2026-09-16 02:29:12,216,22,,,151
2026-09-16 02:30:12,215,19,,,151
2026-09-16 02:31:13,215,21,,,150
2026-09-16 02:32:13,241,23,,,151
2026-09-16 02:33:13,218,21,,,149
2026-09-16 02:34:13,214,22,,,150
2026-09-16 02:35:13,218,21,,,154
2026-09-16 02:36:13,218,20,,,152
2026-09-16 02:37:13,234,21,,,150
2026-09-16 02:38:13,232,22,,,156
2026-09-16 02:39:13,210,19,,,146
2026-09-16 02:40:13,210,19,,,149
2026-09-16 02:41:13,217,20,,,151
2026-09-16 02:42:13,234,21,,,148
2026-09-16 02:43:14,221,21,,,149
2026-09-16 02:44:14,217,20,,,154
2026-09-16 02:45:14,215,20,,,150
2026-09-16 02:46:14,216,21,,,151
2026-09-16 02:47:14,238,20,,,154
2026-09-16 02:48:14,226,21,,,155
2026-09-16 02:49:14,216,20,,,150
2026-09-16 02:50:14,214,21,,,150
2026-09-16 02:51:14,216,21,,,155
2026-09-16 02:52:14,240,24,,,152
2026-09-16 02:53:14,223,22,,,155
2026-09-16 02:54:14,211,20,,,145
2026-09-16 02:55:15,217,20,,,154
2026-09-16 02:56:15,216,21,,,152
2026-09-16 02:57:15,239,23,,,152
2026-09-16 02:58:15,228,22,,,156
2026-09-16 02:59:15,208,19,,,144
2026-09-16 03:00:15,233,38,,,149
2026-09-16 03:01:15,209,20,,,146
2026-09-16 03:02:15,240,21,,,154
2026-09-16 03:03:15,218,20,,,149
2026-09-16 03:04:15,213,21,,,149
2026-09-16 03:05:15,218,20,,,154
2026-09-16 03:06:15,210,19,,,150
2026-09-16 03:07:15,234,22,,,148
2026-09-16 03:08:15,221,22,,,150
2026-09-16 03:09:16,204,21,,,142
2026-09-16 03:10:16,355,167,,,143
2026-09-16 03:11:16,203,20,,,139
2026-09-16 03:12:16,226,21,,,143
2026-09-16 03:13:16,212,20,,,143
2026-09-16 03:14:16,206,20,,,142
2026-09-16 03:15:16,209,21,,,143
2026-09-16 03:16:16,208,22,,,143
2026-09-16 03:17:16,233,21,,,144
2026-09-16 03:18:16,215,21,,,145
2026-09-16 03:19:16,208,21,,,144
2026-09-16 03:20:16,358,166,,,146
2026-09-16 03:21:16,209,20,,,145
2026-09-16 03:22:17,223,21,,,137
2026-09-16 03:23:17,211,21,,,143
2026-09-16 03:24:17,209,21,,,139
2026-09-16 03:25:17,203,20,,,138
2026-09-16 03:26:17,212,21,,,145
2026-09-16 03:27:17,225,21,,,142
2026-09-16 03:28:17,216,21,,,146
2026-09-16 03:29:17,206,20,,,142
2026-09-16 03:30:17,357,169,,,144
2026-09-16 03:31:17,207,21,,,142
2026-09-16 03:32:17,231,20,,,144
2026-09-16 03:33:17,208,22,,,137
2026-09-16 03:34:17,208,20,,,145
2026-09-16 03:35:18,222,22,,,155
2026-09-16 03:36:18,207,19,,,145
2026-09-16 03:37:18,226,22,,,142
2026-09-16 03:38:18,221,22,,,151
2026-09-16 03:39:18,204,21,,,138
2026-09-16 03:40:18,356,168,,,143
2026-09-16 03:41:18,206,22,,,142
2026-09-16 03:42:18,229,21,,,146
2026-09-16 03:43:18,209,20,,,142
2026-09-16 03:44:18,207,20,,,144
2026-09-16 03:45:18,206,21,,,142
2026-09-16 03:46:18,205,20,,,140
2026-09-16 03:47:18,228,22,,,143
2026-09-16 03:48:19,208,19,,,142
2026-09-16 03:49:19,205,20,,,143
2026-09-16 03:50:19,361,166,,,151
2026-09-16 03:51:19,198,20,,,136
2026-09-16 03:52:19,224,20,,,141
2026-09-16 03:53:19,210,19,,,141
2026-09-16 03:54:19,208,22,,,145
2026-09-16 03:55:19,202,19,,,140
2026-09-16 03:56:19,206,19,,,142
2026-09-16 03:57:19,225,21,,,140
2026-09-16 03:58:19,205,20,,,137
2026-09-16 03:59:19,198,19,,,136
2026-09-16 04:00:19,254,66,,,143
2026-09-16 04:01:20,612,60,,,378
2026-09-16 04:02:20,1048,23,,,959
2026-09-16 04:03:20,412,22,,,341
2026-09-16 04:04:20,408,20,,,341
2026-09-16 04:05:20,450,25,,,351
2026-09-16 04:06:20,413,21,,,346
2026-09-16 04:07:20,418,24,,,350
2026-09-16 04:08:20,417,23,,,348
2026-09-16 04:09:20,405,21,,,340
2026-09-16 04:10:20,591,171,,,346
2026-09-16 04:11:20,410,23,,,341
2026-09-16 04:12:20,407,22,,,340
2026-09-16 04:13:20,409,22,,,338
2026-09-16 04:14:21,406,20,,,344
2026-09-16 04:15:21,449,28,,,350
2026-09-16 04:16:21,413,20,,,347
2026-09-16 04:17:21,404,20,,,338
2026-09-16 04:18:21,415,23,,,350
2026-09-16 04:19:21,403,21,,,338
2026-09-16 04:20:21,604,170,,,358
2026-09-16 04:21:21,409,21,,,342
2026-09-16 04:22:21,425,21,,,358
2026-09-16 04:23:21,405,21,,,340
2026-09-16 04:24:21,406,20,,,341
2026-09-16 04:25:21,451,25,,,354
2026-09-16 04:26:21,416,21,,,348
2026-09-16 04:27:21,462,23,,,376
2026-09-16 04:28:22,432,22,,,363
2026-09-16 04:29:22,405,20,,,338
2026-09-16 04:30:22,606,176,,,354
2026-09-16 04:31:22,408,20,,,340
2026-09-16 04:32:22,403,20,,,338
2026-09-16 04:33:22,411,20,,,343
2026-09-16 04:34:22,408,19,,,341
2026-09-16 04:35:22,440,23,,,344
2026-09-16 04:36:22,410,22,,,343
2026-09-16 04:37:22,405,19,,,338
2026-09-16 04:38:22,416,22,,,346
2026-09-16 04:39:22,405,21,,,338
2026-09-16 04:40:22,487,59,,,353
2026-09-16 04:41:23,411,22,,,343
2026-09-16 04:42:23,405,22,,,338
2026-09-16 04:43:23,405,20,,,337
2026-09-16 04:44:23,408,21,,,341
2026-09-16 04:45:23,451,25,,,352
2026-09-16 04:46:23,408,22,,,341
2026-09-16 04:47:23,411,22,,,342
2026-09-16 04:48:23,414,23,,,346
2026-09-16 04:49:23,408,21,,,341
2026-09-16 04:50:23,455,30,,,351
2026-09-16 04:51:23,407,21,,,338
2026-09-16 04:52:23,410,21,,,341
2026-09-16 04:53:23,403,20,,,337
2026-09-16 04:54:24,407,21,,,343
2026-09-16 04:55:24,448,24,,,351
2026-09-16 04:56:24,407,20,,,339
2026-09-16 04:57:24,411,20,,,344
2026-09-16 04:58:24,428,24,,,359
2026-09-16 04:59:24,399,21,,,333
2026-09-16 05:00:24,481,26,,,356
2026-09-16 05:01:24,543,20,,,354
2026-09-16 05:02:24,410,22,,,345
2026-09-16 05:03:24,409,22,,,343
2026-09-16 05:04:24,411,20,,,345
2026-09-16 05:05:24,453,27,,,354
2026-09-16 05:06:25,410,20,,,344
2026-09-16 05:07:25,409,23,,,339
2026-09-16 05:08:25,420,21,,,353
2026-09-16 05:09:25,403,22,,,338
2026-09-16 05:10:25,462,23,,,365
2026-09-16 05:11:25,402,21,,,336
2026-09-16 05:12:25,805,24,,,729
2026-09-16 05:13:25,413,21,,,345
2026-09-16 05:14:25,409,21,,,341
2026-09-16 05:15:25,452,27,,,354
2026-09-16 05:16:25,412,22,,,346
2026-09-16 05:17:25,406,22,,,340
2026-09-16 05:18:26,414,22,,,347
2026-09-16 05:19:26,410,22,,,343
2026-09-16 05:20:26,456,26,,,355
2026-09-16 05:21:26,411,23,,,344
2026-09-16 05:22:26,791,23,,,716
2026-09-16 05:23:26,417,22,,,346
2026-09-16 05:24:26,408,22,,,342
2026-09-16 05:25:26,449,24,,,354
2026-09-16 05:26:26,409,21,,,342
2026-09-16 05:27:26,420,23,,,351
2026-09-16 05:28:26,438,25,,,368
2026-09-16 05:29:26,407,22,,,340
2026-09-16 05:30:26,461,28,,,359
2026-09-16 05:31:27,414,22,,,345
2026-09-16 05:32:27,414,21,,,343
2026-09-16 05:33:27,410,21,,,341
2026-09-16 05:34:27,417,22,,,349
2026-09-16 05:35:27,447,26,,,350
2026-09-16 05:36:27,412,24,,,344
2026-09-16 05:37:27,413,21,,,346
2026-09-16 05:38:27,416,23,,,346
2026-09-16 05:39:27,405,21,,,334
2026-09-16 05:40:27,453,27,,,354
2026-09-16 05:41:27,412,20,,,345
2026-09-16 05:42:27,411,23,,,343
2026-09-16 05:43:27,411,20,,,343
2026-09-16 05:44:28,414,22,,,349
2026-09-16 05:45:28,452,25,,,352
2026-09-16 05:46:28,408,22,,,340
2026-09-16 05:47:28,413,25,,,346
2026-09-16 05:48:28,407,22,,,338
2026-09-16 05:49:28,399,22,,,332
2026-09-16 05:50:28,442,22,,,346
2026-09-16 05:51:28,400,20,,,335
2026-09-16 05:52:28,404,21,,,337
2026-09-16 05:53:28,404,22,,,336
2026-09-16 05:54:28,398,21,,,330
2026-09-16 05:55:28,439,25,,,343
2026-09-16 05:56:28,404,19,,,339
2026-09-16 05:57:28,406,20,,,340
2026-09-16 05:58:29,402,19,,,336
2026-09-16 05:59:29,405,20,,,338
2026-09-16 06:00:29,468,26,,,345
2026-09-16 06:01:29,536,20,,,349
2026-09-16 06:02:29,398,21,,,331
2026-09-16 06:03:29,406,23,,,340
2026-09-16 06:04:29,399,21,,,333
2026-09-16 06:05:29,445,21,,,349
2026-09-16 06:06:29,400,20,,,333
2026-09-16 06:07:29,413,24,,,344
2026-09-16 06:08:29,398,21,,,332
2026-09-16 06:09:29,397,23,,,328
2026-09-16 06:10:29,445,27,,,344
2026-09-16 06:11:29,396,20,,,332
2026-09-16 06:12:30,398,20,,,333
2026-09-16 06:13:30,400,21,,,333
2026-09-16 06:14:30,403,21,,,336
2026-09-16 06:15:30,854,29,,,744
2026-09-16 06:16:30,394,23,,,326
2026-09-16 06:17:30,405,22,,,335
2026-09-16 06:18:30,399,21,,,333
2026-09-16 06:19:30,398,23,,,332
2026-09-16 06:20:30,440,24,,,341
2026-09-16 06:21:30,410,26,,,337
2026-09-16 06:22:30,398,21,,,334
2026-09-16 06:23:30,396,22,,,328
2026-09-16 06:24:31,399,21,,,332
2026-09-16 06:25:31,441,24,,,344
2026-09-16 06:26:31,402,19,,,336
2026-09-16 06:27:31,408,24,,,337
2026-09-16 06:28:31,422,21,,,354
2026-09-16 06:29:31,402,21,,,334
2026-09-16 06:30:31,439,22,,,343
2026-09-16 06:31:31,578,185,,,346
2026-09-16 06:32:31,405,19,,,340
2026-09-16 06:33:31,403,22,,,335
2026-09-16 06:34:31,387,21,,,321
2026-09-16 06:35:31,426,22,,,332
2026-09-16 06:36:31,401,19,,,337
2026-09-16 06:37:32,396,21,,,330
2026-09-16 06:38:32,397,19,,,330
2026-09-16 06:39:32,398,22,,,333
2026-09-16 06:40:32,441,26,,,339
2026-09-16 06:41:32,548,170,,,332
2026-09-16 06:42:32,399,23,,,333
2026-09-16 06:43:32,401,21,,,333
2026-09-16 06:44:32,400,22,,,335
2026-09-16 06:45:32,438,26,,,337
2026-09-16 06:46:32,394,22,,,326
2026-09-16 06:47:32,409,23,,,339
2026-09-16 06:48:32,400,20,,,332
2026-09-16 06:49:32,395,21,,,330
2026-09-16 06:50:33,444,27,,,340
2026-09-16 06:51:33,553,168,,,337
2026-09-16 06:52:33,400,20,,,332
2026-09-16 06:53:33,400,22,,,330
2026-09-16 06:54:33,397,21,,,332
2026-09-16 06:55:33,439,26,,,340
2026-09-16 06:56:33,401,22,,,333
2026-09-16 06:57:33,404,24,,,336
2026-09-16 06:58:33,401,22,,,334
2026-09-16 06:59:33,393,22,,,326
2026-09-16 07:00:33,473,28,,,347
2026-09-16 07:01:33,717,171,,,379
2026-09-16 07:02:34,402,23,,,335
2026-09-16 07:03:34,397,21,,,331
2026-09-16 07:04:34,399,21,,,331
2026-09-16 07:05:34,449,27,,,349
2026-09-16 07:06:34,407,22,,,339
2026-09-16 07:07:34,404,22,,,334
2026-09-16 07:08:34,408,22,,,341
2026-09-16 07:09:34,403,20,,,337
2026-09-16 07:10:34,443,26,,,344
2026-09-16 07:11:34,552,168,,,336
2026-09-16 07:12:34,402,20,,,335
2026-09-16 07:13:34,402,20,,,332
2026-09-16 07:14:34,411,23,,,342
2026-09-16 07:15:34,447,26,,,349
2026-09-16 07:16:35,408,20,,,342
2026-09-16 07:17:35,404,22,,,337
2026-09-16 07:18:35,400,19,,,336
2026-09-16 07:19:35,407,20,,,343
2026-09-16 07:20:35,451,24,,,352
2026-09-16 07:21:35,867,82,,,734
2026-09-16 07:22:35,407,20,,,345
2026-09-16 07:23:35,410,21,,,343
2026-09-16 07:24:35,404,21,,,338
2026-09-16 07:25:35,447,25,,,348
2026-09-16 07:26:35,414,22,,,344
2026-09-16 07:27:35,415,26,,,342
2026-09-16 07:28:36,426,22,,,356
2026-09-16 07:29:36,404,21,,,339
2026-09-16 07:30:36,460,26,,,357
2026-09-16 07:31:36,407,21,,,339
2026-09-16 07:32:36,407,21,,,339
2026-09-16 07:33:36,408,21,,,339
2026-09-16 07:34:36,406,21,,,341
2026-09-16 07:35:36,451,24,,,352
2026-09-16 07:36:36,408,21,,,339
2026-09-16 07:37:36,406,21,,,336
2026-09-16 07:38:36,408,21,,,343
2026-09-16 07:39:36,408,20,,,344
2026-09-16 07:40:36,445,27,,,342
2026-09-16 07:41:37,402,21,,,337
2026-09-16 07:42:37,410,20,,,344
2026-09-16 07:43:37,410,21,,,343
2026-09-16 07:44:37,413,21,,,344
2026-09-16 07:45:37,444,23,,,349
2026-09-16 07:46:37,408,21,,,341
2026-09-16 07:47:37,414,24,,,343
2026-09-16 07:48:37,412,21,,,342
2026-09-16 07:49:37,406,23,,,337
2026-09-16 07:50:37,449,26,,,350
2026-09-16 07:51:37,411,23,,,341
2026-09-16 07:52:37,411,20,,,344
2026-09-16 07:53:37,811,25,,,733
2026-09-16 07:54:38,412,21,,,344
2026-09-16 07:55:38,447,23,,,349
2026-09-16 07:56:38,402,22,,,335
2026-09-16 07:57:38,413,20,,,347
2026-09-16 07:58:38,413,20,,,344
2026-09-16 07:59:38,413,21,,,346
2026-09-16 08:00:38,488,29,,,359
2026-09-16 08:01:38,944,29,,,734
2026-09-16 08:02:38,413,21,,,346
2026-09-16 08:03:38,416,22,,,348
2026-09-16 08:04:38,410,21,,,343
2026-09-16 08:05:38,451,27,,,351
2026-09-16 08:06:38,418,21,,,351
2026-09-16 08:07:39,422,24,,,351
2026-09-16 08:08:39,414,22,,,346
2026-09-16 08:09:39,410,20,,,345
2026-09-16 08:10:39,454,24,,,356
2026-09-16 08:11:39,414,20,,,347
2026-09-16 08:12:39,400,19,,,335
2026-09-16 08:13:39,415,20,,,348
2026-09-16 08:14:39,413,22,,,346
2026-09-16 08:15:39,455,27,,,355
2026-09-16 08:16:39,409,22,,,342
2026-09-16 08:17:39,408,20,,,343
2026-09-16 08:18:39,412,22,,,343
2026-09-16 08:19:40,414,23,,,347
2026-09-16 08:20:40,221,19,,,155
2026-09-16 08:21:40,220,20,,,155
2026-09-16 08:22:40,229,20,,,156
2026-09-16 08:23:40,229,21,,,157
2026-09-16 08:24:40,222,20,,,156
2026-09-16 08:25:40,219,20,,,156
2026-09-16 08:26:40,210,19,,,146
2026-09-16 08:27:40,213,21,,,143
2026-09-16 08:28:40,233,23,,,161
2026-09-16 08:29:40,217,20,,,154
2026-09-16 08:30:40,212,21,,,147
2026-09-16 08:31:40,206,19,,,142
2026-09-16 08:32:41,216,21,,,148
2026-09-16 08:33:41,217,19,,,146
2026-09-16 08:34:41,206,19,,,144
2026-09-16 08:35:41,210,21,,,145
2026-09-16 08:36:41,210,20,,,148
2026-09-16 08:37:41,214,21,,,145
2026-09-16 08:38:41,220,22,,,149
2026-09-16 08:39:41,211,20,,,147
2026-09-16 08:40:41,213,19,,,149
2026-09-16 08:41:41,211,19,,,149
2026-09-16 08:42:41,219,18,,,150
2026-09-16 08:43:41,214,20,,,147
2026-09-16 08:44:41,214,19,,,149
2026-09-16 08:45:41,214,18,,,149
2026-09-16 08:46:42,219,23,,,154
2026-09-16 08:47:42,223,20,,,152
2026-09-16 08:48:42,222,21,,,153
2026-09-16 08:49:42,212,20,,,148
2026-09-16 08:50:42,214,21,,,149
2026-09-16 08:51:42,215,19,,,151
2026-09-16 08:52:42,222,19,,,151
2026-09-16 08:53:42,217,19,,,148
2026-09-16 08:54:42,214,21,,,151
2026-09-16 08:55:42,217,21,,,152
2026-09-16 08:56:42,213,20,,,151
2026-09-16 08:57:42,220,20,,,149
2026-09-16 08:58:42,217,20,,,147
2026-09-16 08:59:42,208,20,,,145
2026-09-16 09:00:43,217,19,,,151
2026-09-16 09:01:43,214,20,,,150
2026-09-16 09:02:43,221,21,,,152
2026-09-16 09:03:43,235,21,,,163
2026-09-16 09:04:43,212,22,,,144
2026-09-16 09:05:43,213,20,,,147
2026-09-16 09:06:43,212,19,,,149
2026-09-16 09:07:43,228,24,,,154
2026-09-16 09:08:43,219,22,,,150
2026-09-16 09:09:43,217,21,,,151
2026-09-16 09:10:43,214,21,,,151
2026-09-16 09:11:43,213,19,,,150
2026-09-16 09:12:43,216,19,,,148
2026-09-16 09:13:44,217,19,,,147
2026-09-16 09:14:44,218,21,,,153
2026-09-16 09:15:44,216,20,,,150
2026-09-16 09:16:44,215,21,,,151
2026-09-16 09:17:44,222,21,,,148
2026-09-16 09:18:44,226,21,,,154
2026-09-16 09:19:44,211,20,,,145
2026-09-16 09:20:44,218,21,,,151
2026-09-16 09:21:44,210,20,,,146
2026-09-16 09:22:44,224,20,,,155
2026-09-16 09:23:44,219,21,,,149
2026-09-16 09:24:44,217,20,,,153
2026-09-16 09:25:44,210,19,,,148
2026-09-16 09:26:45,206,19,,,143
2026-09-16 09:27:45,217,20,,,149
2026-09-16 09:28:45,235,20,,,166
2026-09-16 09:29:45,213,19,,,148
2026-09-16 09:30:45,220,21,,,154
2026-09-16 09:31:45,212,21,,,150
2026-09-16 09:32:45,223,19,,,156
2026-09-16 09:33:45,217,19,,,150
2026-09-16 09:34:45,215,20,,,151
2026-09-16 09:35:45,211,20,,,146
2026-09-16 09:36:45,212,20,,,148
2026-09-16 09:37:45,221,21,,,149
2026-09-16 09:38:45,214,21,,,145
2026-09-16 09:39:45,214,20,,,149
2026-09-16 09:40:46,211,20,,,147
2026-09-16 09:41:46,216,19,,,150
2026-09-16 09:42:46,218,20,,,149
2026-09-16 09:43:46,225,20,,,156
2026-09-16 09:44:46,222,22,,,157
2026-09-16 09:45:46,217,19,,,155
2026-09-16 09:46:46,219,18,,,157
2026-09-16 09:47:46,223,19,,,155
2026-09-16 09:48:46,222,20,,,152
2026-09-16 09:49:46,221,20,,,157
2026-09-16 09:50:46,220,19,,,156
2026-09-16 09:51:46,218,19,,,155
2026-09-16 09:52:46,278,74,,,154
2026-09-16 09:53:47,222,20,,,152
2026-09-16 09:54:47,222,19,,,158
2026-09-16 09:55:47,216,20,,,154
2026-09-16 09:56:47,219,20,,,155
2026-09-16 09:57:47,222,19,,,153
2026-09-16 09:58:47,225,21,,,156
2026-09-16 09:59:47,221,20,,,157
2026-09-16 10:00:47,222,23,,,157
2026-09-16 10:01:47,225,20,,,160
2026-09-16 10:02:47,377,168,,,157
2026-09-16 10:03:47,222,20,,,149
2026-09-16 10:04:47,221,19,,,156
2026-09-16 10:05:48,219,20,,,154
2026-09-16 10:06:48,299,35,,,219
2026-09-16 10:07:48,224,21,,,154
2026-09-16 10:08:48,224,21,,,155
2026-09-16 10:09:48,220,20,,,155
2026-09-16 10:10:48,223,20,,,161
2026-09-16 10:11:48,219,21,,,154
2026-09-16 10:12:48,379,167,,,160
2026-09-16 10:13:48,225,21,,,154
2026-09-16 10:14:48,219,21,,,154
2026-09-16 10:15:48,268,20,,,186
2026-09-16 10:16:48,219,20,,,154
2026-09-16 10:17:48,230,20,,,158
2026-09-16 10:18:49,225,19,,,156
2026-09-16 10:19:49,230,20,,,165
2026-09-16 10:20:49,220,20,,,157
2026-09-16 10:21:49,219,21,,,156
2026-09-16 10:22:49,375,168,,,157
2026-09-16 10:23:49,254,19,,,183
2026-09-16 10:24:49,217,19,,,153
2026-09-16 10:25:49,214,18,,,151
2026-09-16 10:26:49,208,19,,,146
2026-09-16 10:27:49,221,20,,,154
2026-09-16 10:28:49,241,19,,,168
2026-09-16 10:29:49,215,20,,,154
2026-09-16 10:30:49,213,19,,,153
2026-09-16 10:31:49,211,20,,,150
2026-09-16 10:32:50,376,167,,,160
2026-09-16 10:33:50,222,19,,,155
2026-09-16 10:34:50,218,18,,,155
2026-09-16 10:35:50,213,18,,,152
2026-09-16 10:36:50,217,19,,,155
2026-09-16 10:37:50,226,18,,,157
2026-09-16 10:38:50,225,19,,,157
2026-09-16 10:39:50,215,18,,,153
2026-09-16 10:40:50,217,19,,,154
2026-09-16 10:41:50,220,19,,,156
2026-09-16 10:42:50,352,147,,,155
2026-09-16 10:43:50,309,31,,,227
2026-09-16 10:44:50,212,18,,,150
2026-09-16 10:45:51,217,19,,,155
2026-09-16 10:46:51,216,19,,,154
2026-09-16 10:47:51,220,19,,,153
2026-09-16 10:48:51,218,19,,,151
2026-09-16 10:49:51,261,20,,,199
2026-09-16 10:50:51,226,20,,,162
2026-09-16 10:51:51,218,20,,,154
2026-09-16 10:52:51,222,18,,,153
2026-09-16 10:53:51,226,18,,,160
2026-09-16 10:54:51,216,19,,,154
2026-09-16 10:55:51,210,20,,,146
2026-09-16 10:56:51,219,20,,,155
2026-09-16 10:57:51,223,20,,,154
2026-09-16 10:58:52,223,19,,,153
2026-09-16 10:59:52,218,19,,,157
2026-09-16 11:00:52,219,19,,,155
2026-09-16 11:01:52,219,19,,,157
2026-09-16 11:02:52,226,20,,,159
2026-09-16 11:03:52,229,19,,,159
2026-09-16 11:04:52,218,19,,,154
2026-09-16 11:05:52,222,19,,,156
2026-09-16 11:06:52,1181,85,,,1046
2026-09-16 11:07:52,224,19,,,154
2026-09-16 11:08:52,225,19,,,156
2026-09-16 11:09:52,221,18,,,157
2026-09-16 11:10:52,220,20,,,153
2026-09-16 11:11:53,220,19,,,157
2026-09-16 11:12:53,225,19,,,155
2026-09-16 11:13:53,227,19,,,158
2026-09-16 11:14:53,221,19,,,157
2026-09-16 11:15:53,220,20,,,159
2026-09-16 11:16:53,221,20,,,158
2026-09-16 11:17:53,223,20,,,154
2026-09-16 11:18:53,225,22,,,152
2026-09-16 11:19:53,226,20,,,159
2026-09-16 11:20:53,223,21,,,159
2026-09-16 11:21:53,226,21,,,161
2026-09-16 11:22:53,222,20,,,155
2026-09-16 11:23:53,241,20,,,171
2026-09-16 11:24:54,228,20,,,163
2026-09-16 11:25:54,225,20,,,163
2026-09-16 11:26:54,221,20,,,159
2026-09-16 11:27:54,222,18,,,156
2026-09-16 11:28:54,232,19,,,164
2026-09-16 11:29:54,220,19,,,157
2026-09-16 11:30:54,225,22,,,160
2026-09-16 11:31:54,217,19,,,152
2026-09-16 11:32:54,228,21,,,157
2026-09-16 11:33:54,231,21,,,162
2026-09-16 11:34:54,222,20,,,156
2026-09-16 11:35:54,224,23,,,159
2026-09-16 11:36:55,220,19,,,158
2026-09-16 11:37:55,228,19,,,159
2026-09-16 11:38:55,230,21,,,159
2026-09-16 11:39:55,221,21,,,156
2026-09-16 11:40:55,220,20,,,156
2026-09-16 11:41:55,220,21,,,157
2026-09-16 11:42:55,227,21,,,159
2026-09-16 11:43:55,225,20,,,153
2026-09-16 11:44:55,220,20,,,156
2026-09-16 11:45:55,219,22,,,155
2026-09-16 11:46:55,220,19,,,156
2026-09-16 11:47:55,224,20,,,152
2026-09-16 11:48:56,229,18,,,160
2026-09-16 11:49:56,221,19,,,157
2026-09-16 11:50:56,221,20,,,158
2026-09-16 11:51:56,216,19,,,152
2026-09-16 11:52:56,224,20,,,154
2026-09-16 11:53:56,220,18,,,152
2026-09-16 11:54:56,218,20,,,155
2026-09-16 11:55:56,219,21,,,154
2026-09-16 11:56:56,211,21,,,147
2026-09-16 11:57:56,222,20,,,154
2026-09-16 11:58:56,222,19,,,154
2026-09-16 11:59:56,221,19,,,157
2026-09-16 12:00:57,215,19,,,155
2026-09-16 12:01:57,218,18,,,154
2026-09-16 12:02:57,226,19,,,157
2026-09-16 12:03:57,226,19,,,159
2026-09-16 12:04:57,218,20,,,155
2026-09-16 12:05:57,222,20,,,159
2026-09-16 12:06:57,223,20,,,157
2026-09-16 12:07:57,223,19,,,155
2026-09-16 12:08:57,228,21,,,159
2026-09-16 12:09:57,224,19,,,159
2026-09-16 12:10:57,221,19,,,159
2026-09-16 12:11:57,220,19,,,156
2026-09-16 12:12:57,225,21,,,155
2026-09-16 12:13:58,229,19,,,159
2026-09-16 12:14:58,220,19,,,157
2026-09-16 12:15:58,221,20,,,157
2026-09-16 12:16:58,221,20,,,158
2026-09-16 12:17:58,228,19,,,158
2026-09-16 12:18:58,223,19,,,155
2026-09-16 12:19:58,221,18,,,159
2026-09-16 12:20:58,217,21,,,154
2026-09-16 12:21:58,223,19,,,161
2026-09-16 12:22:58,221,19,,,152
2026-09-16 12:23:58,229,20,,,158
2026-09-16 12:24:58,221,19,,,156
2026-09-16 12:25:58,215,19,,,152
2026-09-16 12:26:59,222,19,,,157
2026-09-16 12:27:59,221,20,,,151
2026-09-16 12:28:59,236,21,,,166
2026-09-16 12:29:59,216,19,,,153
2026-09-16 12:30:59,213,20,,,148
2026-09-16 12:31:59,215,20,,,150
2026-09-16 12:32:59,217,21,,,148
2026-09-16 12:33:59,253,53,,,148
2026-09-16 12:34:59,209,22,,,144
2026-09-16 12:35:59,209,19,,,145
2026-09-16 12:36:59,209,19,,,147
2026-09-16 12:37:59,217,20,,,150
2026-09-16 12:38:59,220,19,,,150
2026-09-16 12:40:00,212,21,,,149
2026-09-16 12:41:00,216,20,,,151
2026-09-16 12:42:00,231,20,,,148
2026-09-16 12:43:00,220,21,,,148
2026-09-16 12:44:00,217,21,,,154
2026-09-16 12:45:00,213,22,,,149
2026-09-16 12:46:00,217,21,,,152
2026-09-16 12:47:00,232,20,,,148
2026-09-16 12:48:00,217,20,,,147
2026-09-16 12:49:00,200,19,,,138
2026-09-16 12:50:00,216,20,,,155
2026-09-16 12:51:00,215,19,,,150
2026-09-16 12:52:01,229,20,,,146
2026-09-16 12:53:01,218,20,,,149
2026-09-16 12:54:01,209,22,,,145
2026-09-16 12:55:01,206,18,,,144
2026-09-16 12:56:01,217,22,,,148
2026-09-16 12:57:01,245,20,,,160
2026-09-16 12:58:01,212,19,,,145
2026-09-16 12:59:01,207,21,,,145
2026-09-16 13:00:01,210,19,,,147
2026-09-16 13:01:01,213,19,,,148
2026-09-16 13:02:01,244,25,,,152
2026-09-16 13:03:01,215,20,,,146
2026-09-16 13:04:02,207,20,,,144
2026-09-16 13:05:02,217,20,,,151
2026-09-16 13:06:02,213,19,,,147
2026-09-16 13:07:02,237,21,,,150
2026-09-16 13:08:02,222,21,,,152
2026-09-16 13:09:02,217,21,,,154
2026-09-16 13:10:02,213,20,,,150
2026-09-16 13:11:02,214,20,,,150
2026-09-16 13:12:02,225,19,,,139
2026-09-16 13:13:02,223,19,,,152
2026-09-16 13:14:02,215,22,,,148
2026-09-16 13:15:02,213,19,,,150
2026-09-16 13:16:03,213,21,,,148
2026-09-16 13:17:03,237,19,,,151
2026-09-16 13:18:03,216,21,,,146
2026-09-16 13:19:03,217,21,,,154
2026-09-16 13:20:03,211,21,,,144
2026-09-16 13:21:03,211,20,,,145
2026-09-16 13:22:03,233,22,,,146
2026-09-16 13:23:03,220,20,,,149
2026-09-16 13:24:03,226,21,,,150
2026-09-16 13:25:03,210,21,,,146
2026-09-16 13:26:03,219,19,,,153
2026-09-16 13:27:03,226,20,,,139
2026-09-16 13:28:03,223,20,,,149
2026-09-16 13:29:03,218,22,,,152
2026-09-16 13:30:04,210,20,,,147
2026-09-16 13:31:04,216,20,,,149
2026-09-16 13:32:04,239,22,,,151
2026-09-16 13:33:04,221,20,,,149
2026-09-16 13:34:04,328,133,,,151
2026-09-16 13:35:04,215,22,,,152
2026-09-16 13:36:04,215,21,,,148
2026-09-16 13:37:04,241,21,,,153
2026-09-16 13:38:04,218,21,,,149
2026-09-16 13:39:04,218,20,,,152
2026-09-16 13:40:04,209,20,,,146
2026-09-16 13:41:04,219,19,,,154
2026-09-16 13:42:04,231,22,,,146
2026-09-16 13:43:05,222,20,,,153
2026-09-16 13:44:05,365,166,,,154
2026-09-16 13:45:05,213,20,,,150
2026-09-16 13:46:05,213,19,,,148
2026-09-16 13:47:05,239,21,,,153
2026-09-16 13:48:05,220,19,,,147
2026-09-16 13:49:05,207,20,,,142
2026-09-16 13:50:05,216,22,,,150
2026-09-16 13:51:05,212,19,,,149
2026-09-16 13:52:05,230,20,,,147
2026-09-16 13:53:05,221,20,,,150
2026-09-16 13:54:05,363,167,,,149
2026-09-16 13:55:06,216,20,,,151
2026-09-16 13:56:06,221,19,,,155
2026-09-16 13:57:06,233,19,,,150
2026-09-16 13:58:06,221,20,,,151
2026-09-16 13:59:06,215,18,,,152
2026-09-16 14:00:06,214,18,,,152
2026-09-16 14:01:06,207,20,,,142
2026-09-16 14:02:06,250,25,,,156
2026-09-16 14:03:06,220,20,,,150
2026-09-16 14:04:06,383,184,,,155
2026-09-16 14:05:06,225,38,,,145
2026-09-16 14:06:06,235,34,,,156
2026-09-16 14:07:06,238,25,,,148
2026-09-16 14:08:07,222,20,,,152
2026-09-16 14:09:07,222,21,,,156
2026-09-16 14:10:07,228,34,,,151
2026-09-16 14:11:07,230,34,,,148
2026-09-16 14:12:07,233,20,,,149
2026-09-16 14:13:07,231,32,,,149
2026-09-16 14:14:07,360,167,,,151
2026-09-16 14:15:07,211,20,,,148
2026-09-16 14:16:07,221,20,,,154
2026-09-16 14:17:07,253,34,,,153
2026-09-16 14:18:07,240,37,,,152
2026-09-16 14:19:07,689,48,,,524
2026-09-16 14:20:07,322,38,,,236
2026-09-16 14:21:08,246,22,,,173
2026-09-16 14:22:08,249,23,,,164
2026-09-16 14:23:08,272,31,,,191
2026-09-16 14:24:08,316,106,,,158
2026-09-16 14:25:08,845,66,,,728
2026-09-16 14:26:08,303,22,,,234
2026-09-16 14:27:08,289,20,,,201
2026-09-16 14:28:08,268,21,,,195
2026-09-16 14:29:08,265,21,,,198
2026-09-16 14:30:08,251,22,,,184
2026-09-16 14:31:08,280,37,,,197
2026-09-16 14:32:08,271,22,,,181
2026-09-16 14:33:09,301,22,,,226
2026-09-16 14:34:09,1038,41,,,898
2026-09-16 14:35:09,515,40,,,428
2026-09-16 14:36:09,2208,136,,,1891
2026-09-16 14:37:09,285,21,,,198
2026-09-16 14:38:09,277,21,,,204
2026-09-16 14:39:09,265,23,,,198
2026-09-16 14:40:09,268,21,,,202
2026-09-16 14:41:09,275,22,,,200
2026-09-16 14:42:09,919,28,,,825
2026-09-16 14:43:09,277,21,,,207
2026-09-16 14:44:09,269,22,,,202
2026-09-16 14:45:09,282,24,,,213
2026-09-16 14:46:09,576,30,,,492
2026-09-16 14:47:10,382,26,,,288
2026-09-16 14:48:10,868,52,,,758
2026-09-16 14:49:10,452,29,,,375
2026-09-16 14:50:10,332,26,,,260
2026-09-16 14:51:10,420,31,,,336
2026-09-16 14:52:10,348,24,,,255
2026-09-16 14:53:10,321,26,,,242
2026-09-16 14:54:10,315,23,,,245
2026-09-16 14:55:10,498,27,,,419
2026-09-16 14:56:10,397,51,,,299
2026-09-16 14:57:10,380,28,,,285
2026-09-16 14:58:10,359,30,,,275
2026-09-16 14:59:11,434,26,,,359
2026-09-16 15:00:11,254,23,,,185
2026-09-16 15:01:11,234,23,,,167
2026-09-16 15:02:11,323,29,,,227
2026-09-16 15:03:11,254,24,,,181
2026-09-16 15:04:11,244,22,,,178
2026-09-16 15:05:11,298,23,,,230
2026-09-16 15:06:11,258,23,,,188
2026-09-16 15:07:11,287,40,,,184
2026-09-16 15:08:11,255,23,,,180
2026-09-16 15:09:11,237,24,,,168
2026-09-16 15:10:11,274,38,,,191
2026-09-16 15:11:12,265,39,,,179
2026-09-16 15:12:12,252,21,,,166
2026-09-16 15:13:12,240,21,,,170
2026-09-16 15:14:12,238,21,,,172
2026-09-16 15:15:12,225,21,,,159
2026-09-16 15:16:12,228,22,,,158
2026-09-16 15:17:12,255,23,,,165
2026-09-16 15:18:12,268,37,,,182
2026-09-16 15:19:12,261,41,,,175
2026-09-16 15:20:12,258,32,,,182
